year,month,value
1850,1,-0.388560457516
1850,2,0.0294395424837
1850,3,-0.418560457516
1850,4,-0.256560457516
1850,5,-0.0115604575163
1850,6,0.100439542484
1850,7,0.185439542484
1850,8,0.0804395424837
1850,9,-0.130560457516
1850,10,-0.138560457516
1850,11,0.123439542484
1850,12,0.0454395424837
1851,1,0.0104395424837
1851,2,-0.0485604575163
1851,3,-0.171560457516
1851,4,-0.131560457516
1851,5,0.0114395424837
1851,6,0.124439542484
1851,7,0.0984395424837
1851,8,0.160439542484
1851,9,0.205439542484
1851,10,0.250439542484
1851,11,0.283439542484
1851,12,0.246439542484
1852,1,0.00543954248366
1852,2,-0.163560457516
1852,3,-0.191560457516
1852,4,-0.245560457516
1852,5,0.104439542484
1852,6,0.275439542484
1852,7,0.297439542484
1852,8,0.118439542484
1852,9,0.188439542484
1852,10,0.0974395424837
1852,11,0.126439542484
1852,12,0.396439542484
1853,1,0.136439542484
1853,2,-0.0165604575163
1853,3,-0.00456045751634
1853,4,-0.0385604575163
1853,5,0.0454395424837
1853,6,0.134439542484
1853,7,0.254439542484
1853,8,0.165439542484
1853,9,-0.0955604575163
1853,10,-0.0455604575163
1853,11,0.0574395424837
1853,12,-0.130560457516
1854,1,-0.0465604575163
1854,2,0.0334395424837
1854,3,0.0294395424837
1854,4,-0.0355604575163
1854,5,0.0834395424837
1854,6,0.0984395424837
1854,7,0.0854395424837
1854,8,0.150439542484
1854,9,0.198439542484
1854,10,0.125439542484
1854,11,-0.0555604575163
1854,12,0.0814395424837
1855,1,0.137439542484
1855,2,-0.0865604575163
1855,3,0.0104395424837
1855,4,0.0964395424837
1855,5,-0.0225604575163
1855,6,0.153439542484
1855,7,0.0454395424837
1855,8,0.154439542484
1855,9,-0.0255604575163
1855,10,0.102439542484
1855,11,0.101439542484
1855,12,-0.196560457516
1856,1,0.194439542484
1856,2,-0.0595604575163
1856,3,-0.199560457516
1856,4,-0.0575604575163
1856,5,0.194439542484
1856,6,0.0254395424837
1856,7,0.0164395424837
1856,8,0.00843954248366
1856,9,-0.145560457516
1856,10,-0.0705604575163
1856,11,-0.294560457516
1856,12,-0.126560457516
1857,1,-0.198560457516
1857,2,-0.0305604575163
1857,3,-0.120560457516
1857,4,-0.332560457516
1857,5,-0.253560457516
1857,6,0.00343954248366
1857,7,-0.230560457516
1857,8,-0.0135604575163
1857,9,-0.0795604575163
1857,10,-0.153560457516
1857,11,-0.351560457516
1857,12,-0.0425604575163
1858,1,-0.218560457516
1858,2,-0.393560457516
1858,3,-0.236560457516
1858,4,-0.203560457516
1858,5,-0.337560457516
1858,6,-0.266560457516
1858,7,-0.0105604575163
1858,8,0.0334395424837
1858,9,-0.0255604575163
1858,10,0.113439542484
1858,11,-0.330560457516
1858,12,0.0134395424837
1859,1,0.00643954248366
1859,2,0.121439542484
1859,3,-0.0205604575163
1859,4,0.110439542484
1859,5,0.00343954248366
1859,6,0.0634395424837
1859,7,0.0284395424837
1859,8,0.209439542484
1859,9,-0.261560457516
1859,10,0.0584395424837
1859,11,-0.00256045751634
1859,12,-0.0495604575163
1860,1,0.127439542484
1860,2,-0.114560457516
1860,3,-0.329560457516
1860,4,-0.0215604575163
1860,5,0.0234395424837
1860,6,0.00643954248366
1860,7,0.197439542484
1860,8,0.120439542484
1860,9,0.0844395424837
1860,10,0.115439542484
1860,11,-0.194560457516
1860,12,-0.438560457516
1861,1,-0.576560457516
1861,2,-0.192560457516
1861,3,-0.151560457516
1861,4,-0.0815604575163
1861,5,-0.447560457516
1861,6,0.130439542484
1861,7,0.0924395424837
1861,8,0.206439542484
1861,9,-0.0175604575163
1861,10,-0.0415604575163
1861,11,-0.110560457516
1861,12,0.0604395424837
1862,1,-0.435560457516
1862,2,-0.459560457516
1862,3,-0.0885604575163
1862,4,0.0734395424837
1862,5,0.0814395424837
1862,6,-0.0245604575163
1862,7,-0.0265604575163
1862,8,-0.380560457516
1862,9,-0.0995604575163
1862,10,-0.106560457516
1862,11,-0.439560457516
1862,12,-0.575560457516
1863,1,0.444439542484
1863,2,0.293439542484
1863,3,-0.0425604575163
1863,4,0.0724395424837
1863,5,-0.00656045751634
1863,6,-0.0885604575163
1863,7,-0.102560457516
1863,8,-0.00756045751634
1863,9,-0.0105604575163
1863,10,-0.0675604575163
1863,11,-0.0195604575163
1863,12,-0.0375604575163
1864,1,-0.623560457516
1864,2,-0.316560457516
1864,3,-0.195560457516
1864,4,-0.224560457516
1864,5,-0.135560457516
1864,6,0.151439542484
1864,7,0.167439542484
1864,8,0.00343954248366
1864,9,-0.125560457516
1864,10,-0.387560457516
1864,11,-0.154560457516
1864,12,-0.288560457516
1865,1,0.220439542484
1865,2,-0.288560457516
1865,3,-0.325560457516
1865,4,0.0894395424837
1865,5,0.0534395424837
1865,6,0.0434395424837
1865,7,0.185439542484
1865,8,0.106439542484
1865,9,0.238439542484
1865,10,0.0414395424837
1865,11,0.122439542484
1865,12,-0.0245604575163
1866,1,0.352439542484
1866,2,0.101439542484
1866,3,-0.281560457516
1866,4,0.0504395424837
1866,5,-0.214560457516
1866,6,0.421439542484
1866,7,0.340439542484
1866,8,0.0524395424837
1866,9,0.0884395424837
1866,10,-0.103560457516
1866,11,0.0124395424837
1866,12,-0.0235604575163
1867,1,0.00843954248366
1867,2,0.335439542484
1867,3,-0.400560457516
1867,4,0.0624395424837
1867,5,-0.228560457516
1867,6,0.0184395424837
1867,7,0.0824395424837
1867,8,0.0884395424837
1867,9,0.218439542484
1867,10,0.134439542484
1867,11,0.00443954248366
1867,12,-0.310560457516
1868,1,-0.390560457516
1868,2,-0.152560457516
1868,3,0.243439542484
1868,4,-0.0575604575163
1868,5,0.244439542484
1868,6,0.137439542484
1868,7,0.460439542484
1868,8,0.276439542484
1868,9,0.117439542484
1868,10,0.0814395424837
1868,11,-0.186560457516
1868,12,0.193439542484
1869,1,0.0544395424837
1869,2,0.583439542484
1869,3,-0.275560457516
1869,4,0.0894395424837
1869,5,0.0324395424837
1869,6,-0.0565604575163
1869,7,0.0274395424837
1869,8,0.241439542484
1869,9,0.127439542484
1869,10,-0.108560457516
1869,11,-0.0615604575163
1869,12,-0.0415604575163
1870,1,0.235439542484
1870,2,-0.136560457516
1870,3,-0.0925604575163
1870,4,0.0994395424837
1870,5,0.148439542484
1870,6,0.104439542484
1870,7,0.329439542484
1870,8,0.0514395424837
1870,9,0.0504395424837
1870,10,-0.0795604575163
1870,11,0.149439542484
1870,12,-0.409560457516
1871,1,-0.213560457516
1871,2,-0.232560457516
1871,3,0.326439542484
1871,4,0.169439542484
1871,5,-0.00156045751634
1871,6,0.0904395424837
1871,7,0.302439542484
1871,8,0.0924395424837
1871,9,-0.143560457516
1871,10,-0.165560457516
1871,11,-0.226560457516
1871,12,-0.246560457516
1872,1,0.00843954248366
1872,2,-0.0885604575163
1872,3,-0.157560457516
1872,4,0.163439542484
1872,5,0.274439542484
1872,6,0.105439542484
1872,7,0.198439542484
1872,8,0.286439542484
1872,9,0.185439542484
1872,10,0.0884395424837
1872,11,0.0704395424837
1872,12,-0.110560457516
1873,1,0.295439542484
1873,2,-0.0315604575163
1873,3,0.0384395424837
1873,4,-0.207560457516
1873,5,-0.0975604575163
1873,6,0.0554395424837
1873,7,0.151439542484
1873,8,0.152439542484
1873,9,-0.0435604575163
1873,10,-0.0885604575163
1873,11,-0.152560457516
1873,12,0.0364395424837
1874,1,0.367439542484
1874,2,-0.126560457516
1874,3,-0.248560457516
1874,4,-0.193560457516
1874,5,-0.152560457516
1874,6,-0.144560457516
1874,7,0.139439542484
1874,8,-0.0545604575163
1874,9,0.101439542484
1874,10,-0.122560457516
1874,11,-0.189560457516
1874,12,-0.0935604575163
1875,1,-0.263560457516
1875,2,-0.299560457516
1875,3,-0.284560457516
1875,4,-0.148560457516
1875,5,0.137439542484
1875,6,0.0794395424837
1875,7,0.0114395424837
1875,8,0.130439542484
1875,9,0.0394395424837
1875,10,-0.0575604575163
1875,11,-0.186560457516
1875,12,-0.181560457516
1876,1,0.00243954248366
1876,2,0.0484395424837
1876,3,-0.0695604575163
1876,4,0.0134395424837
1876,5,-0.216560457516
1876,6,0.0294395424837
1876,7,0.179439542484
1876,8,0.0724395424837
1876,9,-0.120560457516
1876,10,-0.0715604575163
1876,11,-0.261560457516
1876,12,-0.396560457516
1877,1,-0.0115604575163
1877,2,0.370439542484
1877,3,0.0204395424837
1877,4,-0.0115604575163
1877,5,-0.135560457516
1877,6,0.225439542484
1877,7,0.323439542484
1877,8,0.463439542484
1877,9,0.341439542484
1877,10,0.368439542484
1877,11,0.417439542484
1877,12,0.485439542484
1878,1,0.486439542484
1878,2,0.717439542484
1878,3,0.655439542484
1878,4,0.637439542484
1878,5,0.230439542484
1878,6,0.328439542484
1878,7,0.263439542484
1878,8,0.289439542484
1878,9,0.331439542484
1878,10,0.193439542484
1878,11,0.110439542484
1878,12,-0.0465604575163
1879,1,0.116439542484
1879,2,0.159439542484
1879,3,0.216439542484
1879,4,0.0984395424837
1879,5,0.102439542484
1879,6,0.0434395424837
1879,7,0.0804395424837
1879,8,0.144439542484
1879,9,0.100439542484
1879,10,0.192439542484
1879,11,-0.0725604575163
1879,12,-0.203560457516
1880,1,0.249439542484
1880,2,0.137439542484
1880,3,0.208439542484
1880,4,0.166439542484
1880,5,0.0724395424837
1880,6,0.00543954248366
1880,7,0.0634395424837
1880,8,0.198439542484
1880,9,0.0804395424837
1880,10,-0.0735604575163
1880,11,-0.0945604575163
1880,12,0.0184395424837
1881,1,-0.0485604575163
1881,2,0.0754395424837
1881,3,0.126439542484
1881,4,0.180439542484
1881,5,0.283439542484
1881,6,0.0844395424837
1881,7,0.162439542484
1881,8,0.185439542484
1881,9,0.0694395424837
1881,10,0.0294395424837
1881,11,-0.0275604575163
1881,12,0.175439542484
1882,1,0.427439542484
1882,2,0.304439542484
1882,3,0.260439542484
1882,4,0.0304395424837
1882,5,-0.0595604575163
1882,6,-0.00356045751634
1882,7,0.128439542484
1882,8,0.0924395424837
1882,9,0.158439542484
1882,10,-0.0235604575163
1882,11,0.00043954248366
1882,12,-0.149560457516
1883,1,-0.0955604575163
1883,2,-0.00856045751634
1883,3,-0.0285604575163
1883,4,-0.0805604575163
1883,5,0.0604395424837
1883,6,0.194439542484
1883,7,0.118439542484
1883,8,0.104439542484
1883,9,0.0354395424837
1883,10,-0.0675604575163
1883,11,0.00843954248366
1883,12,-0.0105604575163
1884,1,-0.104560457516
1884,2,0.0964395424837
1884,3,-0.145560457516
1884,4,-0.215560457516
1884,5,-0.0785604575163
1884,6,-0.0995604575163
1884,7,-0.110560457516
1884,8,-0.0965604575163
1884,9,-0.0285604575163
1884,10,-0.00856045751634
1884,11,-0.244560457516
1884,12,-0.102560457516
1885,1,-0.194560457516
1885,2,-0.0975604575163
1885,3,-0.170560457516
1885,4,-0.158560457516
1885,5,-0.207560457516
1885,6,-0.174560457516
1885,7,0.00243954248366
1885,8,-0.196560457516
1885,9,-0.0195604575163
1885,10,0.0644395424837
1885,11,0.0524395424837
1885,12,0.157439542484
1886,1,-0.0875604575163
1886,2,-0.141560457516
1886,3,-0.101560457516
1886,4,-0.0225604575163
1886,5,0.122439542484
1886,6,-0.0735604575163
1886,7,0.0284395424837
1886,8,-0.0275604575163
1886,9,-0.119560457516
1886,10,-0.0495604575163
1886,11,-0.108560457516
1886,12,-0.113560457516
1887,1,-0.252560457516
1887,2,-0.242560457516
1887,3,-0.144560457516
1887,4,-0.122560457516
1887,5,-0.0405604575163
1887,6,-0.0925604575163
1887,7,0.0464395424837
1887,8,-0.0535604575163
1887,9,-0.0295604575163
1887,10,-0.192560457516
1887,11,-0.0945604575163
1887,12,-0.0835604575163
1888,1,-0.289560457516
1888,2,-0.139560457516
1888,3,-0.229560457516
1888,4,0.0704395424837
1888,5,-0.0355604575163
1888,6,0.0224395424837
1888,7,0.00543954248366
1888,8,0.0324395424837
1888,9,0.0974395424837
1888,10,0.207439542484
1888,11,0.116439542484
1888,12,0.137439542484
1889,1,0.259439542484
1889,2,0.218439542484
1889,3,0.245439542484
1889,4,0.326439542484
1889,5,0.234439542484
1889,6,0.164439542484
1889,7,0.117439542484
1889,8,0.0864395424837
1889,9,-0.0675604575163
1889,10,0.0144395424837
1889,11,-0.0855604575163
1889,12,0.138439542484
1890,1,-0.0105604575163
1890,2,-0.0525604575163
1890,3,-0.146560457516
1890,4,-0.00556045751634
1890,5,-0.111560457516
1890,6,-0.0645604575163
1890,7,-0.100560457516
1890,8,-0.107560457516
1890,9,-0.163560457516
1890,10,-0.190560457516
1890,11,-0.256560457516
1890,12,-0.0935604575163
1891,1,-0.201560457516
1891,2,-0.153560457516
1891,3,-0.0575604575163
1891,4,-0.0465604575163
1891,5,0.106439542484
1891,6,0.0134395424837
1891,7,-0.0185604575163
1891,8,-0.00456045751634
1891,9,0.109439542484
1891,10,-0.0185604575163
1891,11,-0.232560457516
1891,12,0.189439542484
1892,1,-0.0935604575163
1892,2,0.192439542484
1892,3,-0.145560457516
1892,4,-0.169560457516
1892,5,-0.0875604575163
1892,6,-0.152560457516
1892,7,-0.221560457516
1892,8,-0.131560457516
1892,9,-0.0115604575163
1892,10,-0.130560457516
1892,11,-0.313560457516
1892,12,-0.480560457516
1893,1,-0.648560457516
1893,2,-0.409560457516
1893,3,-0.0605604575163
1893,4,-0.248560457516
1893,5,-0.237560457516
1893,6,-0.149560457516
1893,7,0.0354395424837
1893,8,0.0254395424837
1893,9,-0.126560457516
1893,10,0.0424395424837
1893,11,-0.101560457516
1893,12,-0.0385604575163
1894,1,-0.140560457516
1894,2,-0.0655604575163
1894,3,-0.0665604575163
1894,4,-0.0655604575163
1894,5,-0.112560457516
1894,6,-0.179560457516
1894,7,-0.00256045751634
1894,8,-0.0295604575163
1894,9,-0.151560457516
1894,10,-0.129560457516
1894,11,-0.110560457516
1894,12,-0.0905604575163
1895,1,-0.183560457516
1895,2,-0.364560457516
1895,3,-0.213560457516
1895,4,-0.0945604575163
1895,5,-0.101560457516
1895,6,-0.0185604575163
1895,7,-0.0455604575163
1895,8,0.0464395424837
1895,9,0.0274395424837
1895,10,-0.0295604575163
1895,11,0.0114395424837
1895,12,-0.00456045751634
1896,1,0.0894395424837
1896,2,0.0804395424837
1896,3,-0.0705604575163
1896,4,-0.0365604575163
1896,5,0.106439542484
1896,6,0.189439542484
1896,7,0.201439542484
1896,8,0.245439542484
1896,9,0.202439542484
1896,10,0.183439542484
1896,11,0.0204395424837
1896,12,0.281439542484
1897,1,0.110439542484
1897,2,0.189439542484
1897,3,0.0374395424837
1897,4,0.243439542484
1897,5,0.285439542484
1897,6,0.151439542484
1897,7,0.148439542484
1897,8,0.153439542484
1897,9,0.171439542484
1897,10,0.0514395424837
1897,11,-0.146560457516
1897,12,-0.170560457516
1898,1,0.229439542484
1898,2,-0.0645604575163
1898,3,-0.438560457516
1898,4,-0.255560457516
1898,5,-0.157560457516
1898,6,-0.00856045751634
1898,7,-0.0695604575163
1898,8,0.00443954248366
1898,9,-0.0215604575163
1898,10,-0.247560457516
1898,11,-0.140560457516
1898,12,-0.0475604575163
1899,1,0.101439542484
1899,2,-0.187560457516
1899,3,-0.228560457516
1899,4,-0.0335604575163
1899,5,0.00243954248366
1899,6,-0.0785604575163
1899,7,0.0304395424837
1899,8,0.163439542484
1899,9,0.173439542484
1899,10,0.124439542484
1899,11,0.340439542484
1899,12,-0.143560457516
1900,1,0.0674395424837
1900,2,0.149439542484
1900,3,0.0374395424837
1900,4,0.0614395424837
1900,5,0.0374395424837
1900,6,0.129439542484
1900,7,0.120439542484
1900,8,0.129439542484
1900,9,0.0904395424837
1900,10,0.253439542484
1900,11,0.0514395424837
1900,12,0.226439542484
1901,1,0.131439542484
1901,2,0.0434395424837
1901,3,0.0674395424837
1901,4,0.120439542484
1901,5,0.116439542484
1901,6,0.154439542484
1901,7,0.119439542484
1901,8,0.114439542484
1901,9,-0.0355604575163
1901,10,0.0154395424837
1901,11,-0.132560457516
1901,12,-0.128560457516
1902,1,0.0744395424837
1902,2,0.0434395424837
1902,3,-0.0795604575163
1902,4,-0.135560457516
1902,5,-0.0915604575163
1902,6,-0.135560457516
1902,7,-0.0785604575163
1902,8,-0.0555604575163
1902,9,-0.0565604575163
1902,10,-0.172560457516
1902,11,-0.220560457516
1902,12,-0.210560457516
1903,1,0.0394395424837
1903,2,0.109439542484
1903,3,-0.0415604575163
1903,4,-0.158560457516
1903,5,-0.150560457516
1903,6,-0.237560457516
1903,7,-0.182560457516
1903,8,-0.279560457516
1903,9,-0.214560457516
1903,10,-0.344560457516
1903,11,-0.313560457516
1903,12,-0.290560457516
1904,1,-0.327560457516
1904,2,-0.289560457516
1904,3,-0.345560457516
1904,4,-0.239560457516
1904,5,-0.224560457516
1904,6,-0.212560457516
1904,7,-0.216560457516
1904,8,-0.169560457516
1904,9,-0.171560457516
1904,10,-0.166560457516
1904,11,-0.0725604575163
1904,12,-0.103560457516
1905,1,-0.157560457516
1905,2,-0.383560457516
1905,3,-0.147560457516
1905,4,-0.241560457516
1905,5,-0.0295604575163
1905,6,-0.0155604575163
1905,7,0.0154395424837
1905,8,0.00443954248366
1905,9,-0.00856045751634
1905,10,-0.0565604575163
1905,11,0.0894395424837
1905,12,0.108439542484
1906,1,0.240439542484
1906,2,0.0754395424837
1906,3,0.0204395424837
1906,4,0.199439542484
1906,5,-0.0225604575163
1906,6,0.0174395424837
1906,7,-0.00756045751634
1906,8,-0.0105604575163
1906,9,-0.0745604575163
1906,10,-0.0395604575163
1906,11,-0.116560457516
1906,12,0.0304395424837
1907,1,-0.129560457516
1907,2,-0.205560457516
1907,3,-0.0295604575163
1907,4,-0.194560457516
1907,5,-0.238560457516
1907,6,-0.214560457516
1907,7,-0.0935604575163
1907,8,-0.147560457516
1907,9,-0.0995604575163
1907,10,-0.0455604575163
1907,11,-0.267560457516
1907,12,-0.221560457516
1908,1,-0.109560457516
1908,2,-0.103560457516
1908,3,-0.322560457516
1908,4,-0.231560457516
1908,5,-0.160560457516
1908,6,-0.164560457516
1908,7,-0.164560457516
1908,8,-0.225560457516
1908,9,-0.144560457516
1908,10,-0.272560457516
1908,11,-0.281560457516
1908,12,-0.263560457516
1909,1,-0.269560457516
1909,2,-0.229560457516
1909,3,-0.375560457516
1909,4,-0.295560457516
1909,5,-0.275560457516
1909,6,-0.206560457516
1909,7,-0.271560457516
1909,8,-0.0115604575163
1909,9,-0.0885604575163
1909,10,-0.166560457516
1909,11,-0.118560457516
1909,12,-0.286560457516
1910,1,-0.0455604575163
1910,2,-0.203560457516
1910,3,-0.171560457516
1910,4,-0.139560457516
1910,5,-0.159560457516
1910,6,-0.172560457516
1910,7,-0.155560457516
1910,8,-0.129560457516
1910,9,-0.129560457516
1910,10,-0.170560457516
1910,11,-0.339560457516
1910,12,-0.355560457516
1911,1,-0.244560457516
1911,2,-0.453560457516
1911,3,-0.387560457516
1911,4,-0.405560457516
1911,5,-0.288560457516
1911,6,-0.260560457516
1911,7,-0.202560457516
1911,8,-0.187560457516
1911,9,-0.197560457516
1911,10,-0.151560457516
1911,11,-0.0645604575163
1911,12,0.0224395424837
1912,1,-0.0485604575163
1912,2,0.0164395424837
1912,3,-0.0715604575163
1912,4,-0.0225604575163
1912,5,-0.0635604575163
1912,6,-0.00656045751634
1912,7,-0.144560457516
1912,8,-0.247560457516
1912,9,-0.249560457516
1912,10,-0.329560457516
1912,11,-0.201560457516
1912,12,-0.173560457516
1913,1,-0.151560457516
1913,2,-0.201560457516
1913,3,-0.220560457516
1913,4,-0.119560457516
1913,5,-0.195560457516
1913,6,-0.196560457516
1913,7,-0.129560457516
1913,8,-0.0815604575163
1913,9,-0.114560457516
1913,10,-0.115560457516
1913,11,0.0434395424837
1913,12,0.0754395424837
1914,1,0.221439542484
1914,2,0.0874395424837
1914,3,-0.0215604575163
1914,4,-0.0745604575163
1914,5,0.0334395424837
1914,6,0.0234395424837
1914,7,-0.0235604575163
1914,8,0.0984395424837
1914,9,0.0524395424837
1914,10,0.160439542484
1914,11,0.137439542484
1914,12,0.0684395424837
1915,1,0.196439542484
1915,2,0.256439542484
1915,3,0.120439542484
1915,4,0.257439542484
1915,5,0.0954395424837
1915,6,0.0924395424837
1915,7,0.195439542484
1915,8,0.237439542484
1915,9,0.172439542484
1915,10,0.0544395424837
1915,11,0.173439542484
1915,12,0.0574395424837
1916,1,0.0684395424837
1916,2,0.127439542484
1916,3,-0.0915604575163
1916,4,-0.0305604575163
1916,5,-0.0495604575163
1916,6,-0.159560457516
1916,7,-0.0665604575163
1916,8,-0.0345604575163
1916,9,-0.0295604575163
1916,10,-0.0895604575163
1916,11,-0.259560457516
1916,12,-0.313560457516
1917,1,-0.370560457516
1917,2,-0.448560457516
1917,3,-0.512560457516
1917,4,-0.162560457516
1917,5,-0.341560457516
1917,6,-0.0375604575163
1917,7,0.193439542484
1917,8,0.0904395424837
1917,9,0.190439542484
1917,10,-0.0765604575163
1917,11,-0.0825604575163
1917,12,-0.310560457516
1918,1,-0.191560457516
1918,2,-0.210560457516
1918,3,-0.132560457516
1918,4,-0.178560457516
1918,5,-0.110560457516
1918,6,-0.0185604575163
1918,7,-0.0285604575163
1918,8,-0.0505604575163
1918,9,0.0754395424837
1918,10,0.215439542484
1918,11,0.280439542484
1918,12,0.0864395424837
1919,1,0.215439542484
1919,2,0.234439542484
1919,3,0.0114395424837
1919,4,0.239439542484
1919,5,0.0484395424837
1919,6,0.0614395424837
1919,7,-0.0505604575163
1919,8,-0.0165604575163
1919,9,0.0814395424837
1919,10,0.00843954248366
1919,11,-0.217560457516
1919,12,-0.142560457516
1920,1,0.0694395424837
1920,2,-0.111560457516
1920,3,0.190439542484
1920,4,0.0484395424837
1920,5,0.122439542484
1920,6,0.0984395424837
1920,7,0.0224395424837
1920,8,0.0824395424837
1920,9,0.176439542484
1920,10,0.0894395424837
1920,11,0.0294395424837
1920,12,-0.0315604575163
1921,1,0.176439542484
1921,2,0.134439542484
1921,3,0.0624395424837
1921,4,0.0854395424837
1921,5,0.109439542484
1921,6,0.196439542484
1921,7,0.175439542484
1921,8,0.0344395424837
1921,9,0.151439542484
1921,10,0.174439542484
1921,11,0.0124395424837
1921,12,0.160439542484
1922,1,-0.0845604575163
1922,2,0.0404395424837
1922,3,0.0444395424837
1922,4,0.0784395424837
1922,5,-0.0685604575163
1922,6,-0.00656045751634
1922,7,0.0844395424837
1922,8,-0.0335604575163
1922,9,0.0304395424837
1922,10,-0.00856045751634
1922,11,0.0254395424837
1922,12,0.00943954248366
1923,1,0.0834395424837
1923,2,-0.100560457516
1923,3,-0.0945604575163
1923,4,-0.0475604575163
1923,5,-0.00756045751634
1923,6,0.0694395424837
1923,7,-0.0335604575163
1923,8,-0.0645604575163
1923,9,-0.00756045751634
1923,10,0.0494395424837
1923,11,0.293439542484
1923,12,0.309439542484
1924,1,-0.00156045751634
1924,2,0.111439542484
1924,3,0.0434395424837
1924,4,0.0334395424837
1924,5,0.0744395424837
1924,6,0.0974395424837
1924,7,0.0494395424837
1924,8,0.0374395424837
1924,9,0.0344395424837
1924,10,0.00043954248366
1924,11,-0.0485604575163
1924,12,-0.212560457516
1925,1,-0.0845604575163
1925,2,0.00843954248366
1925,3,0.0904395424837
1925,4,0.0374395424837
1925,5,0.0554395424837
1925,6,0.0594395424837
1925,7,0.0964395424837
1925,8,0.183439542484
1925,9,0.124439542484
1925,10,0.00843954248366
1925,11,0.257439542484
1925,12,0.320439542484
1926,1,0.403439542484
1926,2,0.271439542484
1926,3,0.291439542484
1926,4,0.144439542484
1926,5,0.0944395424837
1926,6,0.221439542484
1926,7,0.0784395424837
1926,8,0.226439542484
1926,9,0.209439542484
1926,10,0.228439542484
1926,11,0.204439542484
1926,12,0.0794395424837
1927,1,0.0594395424837
1927,2,0.167439542484
1927,3,-0.0125604575163
1927,4,0.0534395424837
1927,5,0.0544395424837
1927,6,0.0754395424837
1927,7,0.167439542484
1927,8,0.169439542484
1927,9,0.181439542484
1927,10,0.273439542484
1927,11,0.140439542484
1927,12,-0.111560457516
1928,1,0.263439542484
1928,2,0.175439542484
1928,3,-0.0255604575163
1928,4,0.0584395424837
1928,5,0.0274395424837
1928,6,-0.0305604575163
1928,7,0.148439542484
1928,8,0.137439542484
1928,9,0.0904395424837
1928,10,0.144439542484
1928,11,0.156439542484
1928,12,0.0784395424837
1929,1,-0.165560457516
1929,2,-0.352560457516
1929,3,-0.0925604575163
1929,4,-0.0755604575163
1929,5,-0.0755604575163
1929,6,-0.0365604575163
1929,7,-0.0485604575163
1929,8,0.124439542484
1929,9,0.0464395424837
1929,10,0.133439542484
1929,11,0.239439542484
1929,12,-0.159560457516
1930,1,-0.0165604575163
1930,2,0.0204395424837
1930,3,0.158439542484
1930,4,0.120439542484
1930,5,0.116439542484
1930,6,0.151439542484
1930,7,0.193439542484
1930,8,0.256439542484
1930,9,0.235439542484
1930,10,0.220439542484
1930,11,0.389439542484
1930,12,0.241439542484
1931,1,0.311439542484
1931,2,0.162439542484
1931,3,0.193439542484
1931,4,0.133439542484
1931,5,0.148439542484
1931,6,0.277439542484
1931,7,0.320439542484
1931,8,0.266439542484
1931,9,0.266439542484
1931,10,0.273439542484
1931,11,0.165439542484
1931,12,0.212439542484
1932,1,0.475439542484
1932,2,0.122439542484
1932,3,0.0764395424837
1932,4,0.247439542484
1932,5,0.145439542484
1932,6,0.119439542484
1932,7,0.185439542484
1932,8,0.117439542484
1932,9,0.276439542484
1932,10,0.141439542484
1932,11,0.0824395424837
1932,12,0.121439542484
1933,1,0.0284395424837
1933,2,-0.00156045751634
1933,3,-0.0275604575163
1933,4,0.0954395424837
1933,5,0.102439542484
1933,6,0.0534395424837
1933,7,0.128439542484
1933,8,0.137439542484
1933,9,0.0794395424837
1933,10,0.115439542484
1933,11,0.00343954248366
1933,12,-0.211560457516
1934,1,0.0954395424837
1934,2,0.153439542484
1934,3,-0.0745604575163
1934,4,0.0644395424837
1934,5,0.234439542484
1934,6,0.271439542484
1934,7,0.249439542484
1934,8,0.255439542484
1934,9,0.219439542484
1934,10,0.229439542484
1934,11,0.337439542484
1934,12,0.181439542484
1935,1,0.0904395424837
1935,2,0.418439542484
1935,3,0.0914395424837
1935,4,0.0464395424837
1935,5,0.0714395424837
1935,6,0.128439542484
1935,7,0.169439542484
1935,8,0.160439542484
1935,9,0.177439542484
1935,10,0.237439542484
1935,11,0.0144395424837
1935,12,0.0494395424837
1936,1,0.0154395424837
1936,2,-0.0405604575163
1936,3,0.0204395424837
1936,4,0.111439542484
1936,5,0.163439542484
1936,6,0.151439542484
1936,7,0.291439542484
1936,8,0.270439542484
1936,9,0.208439542484
1936,10,0.310439542484
1936,11,0.243439542484
1936,12,0.304439542484
1937,1,0.192439542484
1937,2,0.352439542484
1937,3,0.0404395424837
1937,4,0.185439542484
1937,5,0.234439542484
1937,6,0.305439542484
1937,7,0.364439542484
1937,8,0.395439542484
1937,9,0.425439542484
1937,10,0.434439542484
1937,11,0.315439542484
1937,12,0.212439542484
1938,1,0.332439542484
1938,2,0.332439542484
1938,3,0.377439542484
1938,4,0.398439542484
1938,5,0.226439542484
1938,6,0.254439542484
1938,7,0.268439542484
1938,8,0.326439542484
1938,9,0.376439542484
1938,10,0.460439542484
1938,11,0.332439542484
1938,12,0.0204395424837
1939,1,0.247439542484
1939,2,0.270439542484
1939,3,0.0534395424837
1939,4,0.218439542484
1939,5,0.286439542484
1939,6,0.375439542484
1939,7,0.365439542484
1939,8,0.353439542484
1939,9,0.241439542484
1939,10,0.0404395424837
1939,11,0.192439542484
1939,12,0.529439542484
1940,1,0.128439542484
1940,2,0.280439542484
1940,3,0.206439542484
1940,4,0.378439542484
1940,5,0.339439542484
1940,6,0.350439542484
1940,7,0.455439542484
1940,8,0.363439542484
1940,9,0.437439542484
1940,10,0.326439542484
1940,11,0.253439542484
1940,12,0.472439542484
1941,1,0.217439542484
1941,2,0.294439542484
1941,3,0.172439542484
1941,4,0.336439542484
1941,5,0.293439542484
1941,6,0.436439542484
1941,7,0.429439542484
1941,8,0.332439542484
1941,9,0.184439542484
1941,10,0.532439542484
1941,11,0.366439542484
1941,12,0.414439542484
1942,1,0.525439542484
1942,2,0.235439542484
1942,3,0.226439542484
1942,4,0.252439542484
1942,5,0.303439542484
1942,6,0.347439542484
1942,7,0.239439542484
1942,8,0.252439542484
1942,9,0.318439542484
1942,10,0.237439542484
1942,11,0.241439542484
1942,12,0.326439542484
1943,1,0.111439542484
1943,2,0.381439542484
1943,3,0.113439542484
1943,4,0.319439542484
1943,5,0.300439542484
1943,6,0.219439542484
1943,7,0.313439542484
1943,8,0.312439542484
1943,9,0.299439542484
1943,10,0.550439542484
1943,11,0.340439542484
1943,12,0.511439542484
1944,1,0.603439542484
1944,2,0.453439542484
1944,3,0.461439542484
1944,4,0.369439542484
1944,5,0.381439542484
1944,6,0.465439542484
1944,7,0.534439542484
1944,8,0.551439542484
1944,9,0.616439542484
1944,10,0.525439542484
1944,11,0.322439542484
1944,12,0.293439542484
1945,1,0.310439542484
1945,2,0.227439542484
1945,3,0.274439542484
1945,4,0.480439542484
1945,5,0.214439542484
1945,6,0.319439542484
1945,7,0.233439542484
1945,8,0.677439542484
1945,9,0.475439542484
1945,10,0.498439542484
1945,11,0.301439542484
1945,12,0.107439542484
1946,1,0.414439542484
1946,2,0.359439542484
1946,3,0.250439542484
1946,4,0.448439542484
1946,5,0.192439542484
1946,6,0.0474395424837
1946,7,0.265439542484
1946,8,0.167439542484
1946,9,0.306439542484
1946,10,0.265439542484
1946,11,0.222439542484
1946,12,-0.0435604575163
1947,1,0.197439542484
1947,2,0.133439542484
1947,3,0.247439542484
1947,4,0.409439542484
1947,5,0.253439542484
1947,6,0.320439542484
1947,7,0.307439542484
1947,8,0.275439542484
1947,9,0.238439542484
1947,10,0.390439542484
1947,11,0.356439542484
1947,12,0.138439542484
1948,1,0.402439542484
1948,2,0.187439542484
1948,3,0.138439542484
1948,4,0.271439542484
1948,5,0.422439542484
1948,6,0.388439542484
1948,7,0.204439542484
1948,8,0.312439542484
1948,9,0.256439542484
1948,10,0.344439542484
1948,11,0.262439542484
1948,12,0.110439542484
1949,1,0.463439542484
1949,2,0.168439542484
1949,3,0.135439542484
1949,4,0.322439542484
1949,5,0.270439542484
1949,6,0.127439542484
1949,7,0.224439542484
1949,8,0.275439542484
1949,9,0.241439542484
1949,10,0.281439542484
1949,11,0.236439542484
1949,12,0.125439542484
1950,1,-0.0195604575163
1950,2,0.0684395424837
1950,3,0.135439542484
1950,4,0.148439542484
1950,5,0.226439542484
1950,6,0.239439542484
1950,7,0.274439542484
1950,8,0.201439542484
1950,9,0.207439542484
1950,10,0.188439542484
1950,11,-0.0775604575163
1950,12,0.0594395424837
1951,1,-0.0415604575163
1951,2,-0.149560457516
1951,3,0.0154395424837
1951,4,0.208439542484
1951,5,0.300439542484
1951,6,0.350439542484
1951,7,0.362439542484
1951,8,0.455439542484
1951,9,0.406439542484
1951,10,0.442439542484
1951,11,0.275439542484
1951,12,0.487439542484
1952,1,0.495439542484
1952,2,0.448439542484
1952,3,0.183439542484
1952,4,0.368439542484
1952,5,0.353439542484
1952,6,0.353439542484
1952,7,0.412439542484
1952,8,0.407439542484
1952,9,0.411439542484
1952,10,0.304439542484
1952,11,0.124439542484
1952,12,0.253439542484
1953,1,0.380439542484
1953,2,0.459439542484
1953,3,0.443439542484
1953,4,0.508439542484
1953,5,0.451439542484
1953,6,0.477439542484
1953,7,0.367439542484
1953,8,0.408439542484
1953,9,0.389439542484
1953,10,0.386439542484
1953,11,0.240439542484
1953,12,0.403439542484
1954,1,0.0764395424837
1954,2,0.225439542484
1954,3,0.158439542484
1954,4,0.162439542484
1954,5,0.106439542484
1954,6,0.183439542484
1954,7,0.115439542484
1954,8,0.219439542484
1954,9,0.226439542484
1954,10,0.277439542484
1954,11,0.335439542484
1954,12,0.0784395424837
1955,1,0.438439542484
1955,2,0.147439542484
1955,3,-0.0915604575163
1955,4,0.0694395424837
1955,5,0.0784395424837
1955,6,0.145439542484
1955,7,0.113439542484
1955,8,0.250439542484
1955,9,0.196439542484
1955,10,0.149439542484
1955,11,0.00043954248366
1955,12,-0.0225604575163
1956,1,0.0654395424837
1956,2,-0.0345604575163
1956,3,0.00243954248366
1956,4,-0.0215604575163
1956,5,0.0334395424837
1956,6,0.0884395424837
1956,7,0.102439542484
1956,8,0.0704395424837
1956,9,0.0324395424837
1956,10,0.0834395424837
1956,11,0.0544395424837
1956,12,0.106439542484
1957,1,0.146439542484
1957,2,0.184439542484
1957,3,0.128439542484
1957,4,0.249439542484
1957,5,0.365439542484
1957,6,0.397439542484
1957,7,0.316439542484
1957,8,0.407439542484
1957,9,0.351439542484
1957,10,0.300439542484
1957,11,0.369439542484
1957,12,0.471439542484
1958,1,0.582439542484
1958,2,0.496439542484
1958,3,0.309439542484
1958,4,0.351439542484
1958,5,0.348439542484
1958,6,0.297439542484
1958,7,0.354439542484
1958,8,0.323439542484
1958,9,0.261439542484
1958,10,0.328439542484
1958,11,0.325439542484
1958,12,0.340439542484
1959,1,0.400439542484
1959,2,0.343439542484
1959,3,0.393439542484
1959,4,0.359439542484
1959,5,0.301439542484
1959,6,0.376439542484
1959,7,0.343439542484
1959,8,0.361439542484
1959,9,0.351439542484
1959,10,0.278439542484
1959,11,0.201439542484
1959,12,0.243439542484
1960,1,0.284439542484
1960,2,0.415439542484
1960,3,-0.00256045751634
1960,4,0.137439542484
1960,5,0.159439542484
1960,6,0.284439542484
1960,7,0.286439542484
1960,8,0.320439542484
1960,9,0.375439542484
1960,10,0.286439542484
1960,11,0.163439542484
1960,12,0.454439542484
1961,1,0.359439542484
1961,2,0.498439542484
1961,3,0.409439542484
1961,4,0.410439542484
1961,5,0.400439542484
1961,6,0.421439542484
1961,7,0.329439542484
1961,8,0.343439542484
1961,9,0.284439542484
1961,10,0.282439542484
1961,11,0.293439542484
1961,12,0.201439542484
1962,1,0.368439542484
1962,2,0.452439542484
1962,3,0.340439542484
1962,4,0.338439542484
1962,5,0.269439542484
1962,6,0.259439542484
1962,7,0.329439542484
1962,8,0.310439542484
1962,9,0.299439542484
1962,10,0.358439542484
1962,11,0.322439542484
1962,12,0.303439542484
1963,1,0.263439542484
1963,2,0.465439542484
1963,3,0.171439542484
1963,4,0.246439542484
1963,5,0.292439542484
1963,6,0.280439542484
1963,7,0.423439542484
1963,8,0.440439542484
1963,9,0.439439542484
1963,10,0.537439542484
1963,11,0.474439542484
1963,12,0.306439542484
1964,1,0.268439542484
1964,2,0.189439542484
1964,3,0.0374395424837
1964,4,0.0694395424837
1964,5,0.138439542484
1964,6,0.154439542484
1964,7,0.142439542484
1964,8,0.0554395424837
1964,9,0.0294395424837
1964,10,0.0454395424837
1964,11,0.0164395424837
1964,12,-0.0425604575163
1965,1,0.210439542484
1965,2,0.0694395424837
1965,3,0.0984395424837
1965,4,0.0584395424837
1965,5,0.154439542484
1965,6,0.203439542484
1965,7,0.132439542484
1965,8,0.201439542484
1965,9,0.218439542484
1965,10,0.283439542484
1965,11,0.173439542484
1965,12,0.247439542484
1966,1,0.217439542484
1966,2,0.219439542484
1966,3,0.250439542484
1966,4,0.206439542484
1966,5,0.172439542484
1966,6,0.348439542484
1966,7,0.344439542484
1966,8,0.291439542484
1966,9,0.273439542484
1966,10,0.208439542484
1966,11,0.217439542484
1966,12,0.169439542484
1967,1,0.146439542484
1967,2,0.0784395424837
1967,3,0.261439542484
1967,4,0.245439542484
1967,5,0.386439542484
1967,6,0.227439542484
1967,7,0.247439542484
1967,8,0.248439542484
1967,9,0.216439542484
1967,10,0.373439542484
1967,11,0.249439542484
1967,12,0.162439542484
1968,1,0.0714395424837
1968,2,0.0994395424837
1968,3,0.349439542484
1968,4,0.143439542484
1968,5,0.0924395424837
1968,6,0.207439542484
1968,7,0.210439542484
1968,8,0.253439542484
1968,9,0.227439542484
1968,10,0.295439542484
1968,11,0.243439542484
1968,12,0.203439542484
1969,1,0.142439542484
1969,2,0.143439542484
1969,3,0.309439542484
1969,4,0.421439542484
1969,5,0.439439542484
1969,6,0.336439542484
1969,7,0.351439542484
1969,8,0.364439542484
1969,9,0.328439542484
1969,10,0.336439542484
1969,11,0.445439542484
1969,12,0.507439542484
1970,1,0.385439542484
1970,2,0.456439542484
1970,3,0.244439542484
1970,4,0.371439542484
1970,5,0.277439542484
1970,6,0.299439542484
1970,7,0.264439542484
1970,8,0.223439542484
1970,9,0.274439542484
1970,10,0.239439542484
1970,11,0.264439542484
1970,12,0.148439542484
1971,1,0.216439542484
1971,2,0.0224395424837
1971,3,0.0274395424837
1971,4,0.0764395424837
1971,5,0.0984395424837
1971,6,0.0804395424837
1971,7,0.184439542484
1971,8,0.145439542484
1971,9,0.190439542484
1971,10,0.153439542484
1971,11,0.233439542484
1971,12,0.109439542484
1972,1,-0.0625604575163
1972,2,0.0264395424837
1972,3,0.179439542484
1972,4,0.234439542484
1972,5,0.248439542484
1972,6,0.316439542484
1972,7,0.288439542484
1972,8,0.326439542484
1972,9,0.254439542484
1972,10,0.315439542484
1972,11,0.308439542484
1972,12,0.496439542484
1973,1,0.459439542484
1973,2,0.589439542484
1973,3,0.539439542484
1973,4,0.475439542484
1973,5,0.399439542484
1973,6,0.423439542484
1973,7,0.338439542484
1973,8,0.331439542484
1973,9,0.275439542484
1973,10,0.272439542484
1973,11,0.218439542484
1973,12,0.205439542484
1974,1,-0.0625604575163
1974,2,-0.0925604575163
1974,3,0.0804395424837
1974,4,0.134439542484
1974,5,0.118439542484
1974,6,0.162439542484
1974,7,0.188439542484
1974,8,0.231439542484
1974,9,0.184439542484
1974,10,0.0984395424837
1974,11,0.102439542484
1974,12,0.0764395424837
1975,1,0.242439542484
1975,2,0.221439542484
1975,3,0.238439542484
1975,4,0.225439542484
1975,5,0.230439542484
1975,6,0.229439542484
1975,7,0.204439542484
1975,8,0.134439542484
1975,9,0.187439542484
1975,10,0.0854395424837
1975,11,0.00043954248366
1975,12,0.00943954248366
1976,1,0.0834395424837
1976,2,-0.00956045751634
1976,3,-0.128560457516
1976,4,0.117439542484
1976,5,-0.00356045751634
1976,6,0.0634395424837
1976,7,0.128439542484
1976,8,0.112439542484
1976,9,0.149439542484
1976,10,0.00043954248366
1976,11,0.137439542484
1976,12,0.232439542484
1977,1,0.232439542484
1977,2,0.392439542484
1977,3,0.417439542484
1977,4,0.407439542484
1977,5,0.382439542484
1977,6,0.422439542484
1977,7,0.373439542484
1977,8,0.312439542484
1977,9,0.345439542484
1977,10,0.307439542484
1977,11,0.450439542484
1977,12,0.257439542484
1978,1,0.327439542484
1978,2,0.275439542484
1978,3,0.340439542484
1978,4,0.251439542484
1978,5,0.224439542484
1978,6,0.180439542484
1978,7,0.250439542484
1978,8,0.125439542484
1978,9,0.259439542484
1978,10,0.197439542484
1978,11,0.358439542484
1978,12,0.213439542484
1979,1,0.275439542484
1979,2,0.173439542484
1979,3,0.327439542484
1979,4,0.265439542484
1979,5,0.283439542484
1979,6,0.371439542484
1979,7,0.367439542484
1979,8,0.393439542484
1979,9,0.405439542484
1979,10,0.444439542484
1979,11,0.460439542484
1979,12,0.669439542484
1980,1,0.446439542484
1980,2,0.532439542484
1980,3,0.385439542484
1980,4,0.453439542484
1980,5,0.452439542484
1980,6,0.383439542484
1980,7,0.373439542484
1980,8,0.349439542484
1980,9,0.350439542484
1980,10,0.320439542484
1980,11,0.444439542484
1980,12,0.371439542484
1981,1,0.647439542484
1981,2,0.509439542484
1981,3,0.520439542484
1981,4,0.441439542484
1981,5,0.379439542484
1981,6,0.436439542484
1981,7,0.407439542484
1981,8,0.435439542484
1981,9,0.385439542484
1981,10,0.316439542484
1981,11,0.384439542484
1981,12,0.580439542484
1982,1,0.265439542484
1982,2,0.318439542484
1982,3,0.186439542484
1982,4,0.339439542484
1982,5,0.356439542484
1982,6,0.264439542484
1982,7,0.294439542484
1982,8,0.304439542484
1982,9,0.387439542484
1982,10,0.318439542484
1982,11,0.303439542484
1982,12,0.566439542484
1983,1,0.744439542484
1983,2,0.623439542484
1983,3,0.522439542484
1983,4,0.428439542484
1983,5,0.448439542484
1983,6,0.449439542484
1983,7,0.464439542484
1983,8,0.511439542484
1983,9,0.501439542484
1983,10,0.412439542484
1983,11,0.570439542484
1983,12,0.396439542484
1984,1,0.433439542484
1984,2,0.330439542484
1984,3,0.363439542484
1984,4,0.272439542484
1984,5,0.403439542484
1984,6,0.299439542484
1984,7,0.279439542484
1984,8,0.353439542484
1984,9,0.349439542484
1984,10,0.290439542484
1984,11,0.189439542484
1984,12,0.0364395424837
1985,1,0.321439542484
1985,2,0.175439542484
1985,3,0.287439542484
1985,4,0.278439542484
1985,5,0.311439542484
1985,6,0.254439542484
1985,7,0.256439542484
1985,8,0.343439542484
1985,9,0.283439542484
1985,10,0.334439542484
1985,11,0.236439542484
1985,12,0.326439542484
1986,1,0.440439542484
1986,2,0.402439542484
1986,3,0.389439542484
1986,4,0.395439542484
1986,5,0.357439542484
1986,6,0.364439542484
1986,7,0.313439542484
1986,8,0.318439542484
1986,9,0.326439542484
1986,10,0.377439542484
1986,11,0.309439542484
1986,12,0.323439542484
1987,1,0.425439542484
1987,2,0.615439542484
1987,3,0.337439542484
1987,4,0.406439542484
1987,5,0.456439542484
1987,6,0.438439542484
1987,7,0.579439542484
1987,8,0.546439542484
1987,9,0.585439542484
1987,10,0.513439542484
1987,11,0.509439542484
1987,12,0.635439542484
1988,1,0.703439542484
1988,2,0.542439542484
1988,3,0.581439542484
1988,4,0.541439542484
1988,5,0.523439542484
1988,6,0.537439542484
1988,7,0.494439542484
1988,8,0.492439542484
1988,9,0.501439542484
1988,10,0.459439542484
1988,11,0.343439542484
1988,12,0.462439542484
1989,1,0.328439542484
1989,2,0.460439542484
1989,3,0.448439542484
1989,4,0.393439542484
1989,5,0.392439542484
1989,6,0.392439542484
1989,7,0.475439542484
1989,8,0.494439542484
1989,9,0.458439542484
1989,10,0.467439542484
1989,11,0.375439542484
1989,12,0.523439542484
1990,1,0.535439542484
1990,2,0.620439542484
1990,3,0.875439542484
1990,4,0.680439542484
1990,5,0.593439542484
1990,6,0.592439542484
1990,7,0.547439542484
1990,8,0.565439542484
1990,9,0.488439542484
1990,10,0.643439542484
1990,11,0.629439542484
1990,12,0.560439542484
1991,1,0.601439542484
1991,2,0.605439542484
1991,3,0.503439542484
1991,4,0.698439542484
1991,5,0.615439542484
1991,6,0.619439542484
1991,7,0.625439542484
1991,8,0.574439542484
1991,9,0.556439542484
1991,10,0.500439542484
1991,11,0.471439542484
1991,12,0.438439542484
1992,1,0.679439542484
1992,2,0.634439542484
1992,3,0.565439542484
1992,4,0.457439542484
1992,5,0.491439542484
1992,6,0.440439542484
1992,7,0.300439542484
1992,8,0.319439542484
1992,9,0.254439542484
1992,10,0.263439542484
1992,11,0.224439542484
1992,12,0.391439542484
1993,1,0.625439542484
1993,2,0.565439542484
1993,3,0.557439542484
1993,4,0.444439542484
1993,5,0.492439542484
1993,6,0.490439542484
1993,7,0.446439542484
1993,8,0.409439542484
1993,9,0.375439542484
1993,10,0.411439542484
1993,11,0.267439542484
1993,12,0.432439542484
1994,1,0.491439542484
1994,2,0.261439542484
1994,3,0.533439542484
1994,4,0.519439542484
1994,5,0.584439542484
1994,6,0.578439542484
1994,7,0.486439542484
1994,8,0.495439542484
1994,9,0.500439542484
1994,10,0.620439542484
1994,11,0.621439542484
1994,12,0.558439542484
1995,1,0.732439542484
1995,2,0.908439542484
1995,3,0.638439542484
1995,4,0.597439542484
1995,5,0.529439542484
1995,6,0.621439542484
1995,7,0.640439542484
1995,8,0.667439542484
1995,9,0.565439542484
1995,10,0.642439542484
1995,11,0.635439542484
1995,12,0.440439542484
1996,1,0.428439542484
1996,2,0.636439542484
1996,3,0.499439542484
1996,4,0.443439542484
1996,5,0.529439542484
1996,6,0.483439542484
1996,7,0.534439542484
1996,8,0.518439542484
1996,9,0.412439542484
1996,10,0.448439542484
1996,11,0.462439542484
1996,12,0.547439542484
1997,1,0.519439542484
1997,2,0.631439542484
1997,3,0.660439542484
1997,4,0.586439542484
1997,5,0.599439542484
1997,6,0.715439542484
1997,7,0.679439542484
1997,8,0.751439542484
1997,9,0.788439542484
1997,10,0.867439542484
1997,11,0.811439542484
1997,12,0.818439542484
1998,1,0.796439542484
1998,2,1.07643954248
1998,3,0.871439542484
1998,4,0.949439542484
1998,5,0.886439542484
1998,6,0.905439542484
1998,7,0.985439542484
1998,8,0.916439542484
1998,9,0.705439542484
1998,10,0.717439542484
1998,11,0.608439542484
1998,12,0.786439542484
1999,1,0.660439542484
1999,2,0.902439542484
1999,3,0.541439542484
1999,4,0.640439542484
1999,5,0.558439542484
1999,6,0.586439542484
1999,7,0.604439542484
1999,8,0.536439542484
1999,9,0.611439542484
1999,10,0.567439542484
1999,11,0.550439542484
1999,12,0.696439542484
2000,1,0.540439542484
2000,2,0.768439542484
2000,3,0.695439542484
2000,4,0.792439542484
2000,5,0.593439542484
2000,6,0.588439542484
2000,7,0.575439542484
2000,8,0.671439542484
2000,9,0.620439542484
2000,10,0.535439542484
2000,11,0.475439542484
2000,12,0.464439542484
2001,1,0.676439542484
2001,2,0.638439542484
2001,3,0.828439542484
2001,4,0.766439542484
2001,5,0.727439542484
2001,6,0.743439542484
2001,7,0.778439542484
2001,8,0.813439542484
2001,9,0.731439542484
2001,10,0.730439542484
2001,11,0.924439542484
2001,12,0.683439542484
2002,1,0.974439542484
2002,2,1.01843954248
2002,3,1.01243954248
2002,4,0.778439542484
2002,5,0.738439542484
2002,6,0.789439542484
2002,7,0.800439542484
2002,8,0.758439542484
2002,9,0.733439542484
2002,10,0.720439542484
2002,11,0.762439542484
2002,12,0.640439542484
2003,1,0.909439542484
2003,2,0.766439542484
2003,3,0.772439542484
2003,4,0.750439542484
2003,5,0.790439542484
2003,6,0.773439542484
2003,7,0.790439542484
2003,8,0.863439542484
2003,9,0.855439542484
2003,10,0.925439542484
2003,11,0.772439542484
2003,12,0.908439542484
2004,1,0.815439542484
2004,2,0.924439542484
2004,3,0.838439542484
2004,4,0.792439542484
2004,5,0.628439542484
2004,6,0.641439542484
2004,7,0.671439542484
2004,8,0.710439542484
2004,9,0.755439542484
2004,10,0.785439542484
2004,11,0.913439542484
2004,12,0.672439542484
2005,1,0.863439542484
2005,2,0.708439542484
2005,3,0.873439542484
2005,4,0.916439542484
2005,5,0.833439542484
2005,6,0.865439542484
2005,7,0.863439542484
2005,8,0.853439542484
2005,9,0.879439542484
2005,10,0.921439542484
2005,11,0.942439542484
2005,12,0.785439542484
2006,1,0.698439542484
2006,2,0.875439542484
2006,3,0.776439542484
2006,4,0.720439542484
2006,5,0.714439542484
2006,6,0.838439542484
2006,7,0.801439542484
2006,8,0.845439542484
2006,9,0.812439542484
2006,10,0.875439542484
2006,11,0.854439542484
2006,12,1.01143954248
2007,1,1.14543954248
2007,2,0.873439542484
2007,3,0.837439542484
2007,4,0.894439542484
2007,5,0.760439542484
2007,6,0.732439542484
2007,7,0.754439542484
2007,8,0.756439542484
2007,9,0.772439542484
2007,10,0.794439542484
2007,11,0.700439542484
2007,12,0.662439542484
2008,1,0.484439542484
2008,2,0.558439542484
2008,3,0.863439542484
2008,4,0.644439542484
2008,5,0.653439542484
2008,6,0.675439542484
2008,7,0.764439542484
2008,8,0.745439542484
2008,9,0.719439542484
2008,10,0.860439542484
2008,11,0.837439542484
2008,12,0.704439542484
2009,1,0.794439542484
2009,2,0.754439542484
2009,3,0.719439542484
2009,4,0.828439542484
2009,5,0.754439542484
2009,6,0.867439542484
2009,7,0.852439542484
2009,8,0.902439542484
2009,9,0.877439542484
2009,10,0.828439542484
2009,11,0.858439542484
2009,12,0.787439542484
2010,1,0.874439542484
2010,2,0.890439542484
2010,3,0.991439542484
2010,4,0.992439542484
2010,5,0.904439542484
2010,6,0.900439542484
2010,7,0.932439542484
2010,8,0.856439542484
2010,9,0.755439542484
2010,10,0.809439542484
2010,11,0.906439542484
2010,12,0.656439542484
2011,1,0.626439542484
2011,2,0.640439542484
2011,3,0.738439542484
2011,4,0.793439542484
2011,5,0.697439542484
2011,6,0.802439542484
2011,7,0.823439542484
2011,8,0.801439542484
2011,9,0.767439542484
2011,10,0.766439542484
2011,11,0.660439542484
2011,12,0.714439542484
2012,1,0.619439542484
2012,2,0.615439542484
2012,3,0.671439542484
2012,4,0.888439542484
2012,5,0.887439542484
2012,6,0.870439542484
2012,7,0.823439542484
2012,8,0.849439542484
2012,9,0.866439542484
2012,10,0.869439542484
2012,11,0.867439542484
2012,12,0.588439542484
2013,1,0.763439542484
2013,2,0.799439542484
2013,3,0.714439542484
2013,4,0.752439542484
2013,5,0.833439542484
2013,6,0.800439542484
2013,7,0.827439542484
2013,8,0.846439542484
2013,9,0.848439542484
2013,10,0.810439542484
2013,11,0.952439542484
2013,12,0.821439542484
2014,1,0.836439542484
2014,2,0.626439542484
2014,3,0.874439542484
2014,4,0.970439542484
2014,5,0.912439542484
2014,6,0.931439542484
2014,7,0.854439542484
2014,8,0.979439542484
2014,9,0.902439542484
2014,10,0.939439542484
2014,11,0.802439542484
2014,12,0.947439542484
2015,1,1.00143954248
2015,2,0.973439542484
2015,3,0.994439542484
2015,4,0.969439542484
2015,5,1.00943954248
2015,6,1.04343954248
2015,7,1.00943954248
2015,8,1.04543954248
2015,9,1.09743954248
2015,10,1.13343954248
2015,11,1.12343954248
2015,12,1.32343954248
2016,1,1.22243954248
2016,2,1.38543954248
2016,3,1.38343954248
2016,4,1.23943954248
2016,5,0.993439542484
